{
    "frame_index": {
        "min": [
            0
        ],
        "max": [
            226
        ],
        "mean": [
            79.64232977850698
        ],
        "std": [
            50.62102478976234
        ],
        "count": [
            2438
        ],
        "q01": [
            1.1435956668415208
        ],
        "q10": [
            15.542111090977727
        ],
        "q50": [
            79.46321665299402
        ],
        "q90": [
            143.69451893363254
        ],
        "q99": [
            158.1403229024776
        ]
    },
    "episode_index": {
        "min": [
            0
        ],
        "max": [
            15
        ],
        "mean": [
            8.105004101722724
        ],
        "std": [
            4.3779182907265985
        ],
        "count": [
            2438
        ],
        "q01": [
            8.105004101722724
        ],
        "q10": [
            8.105004101722727
        ],
        "q50": [
            8.105004101722745
        ],
        "q90": [
            8.10500410172276
        ],
        "q99": [
            8.105004101722765
        ]
    },
    "observation.state": {
        "min": [
            -73.89010620117188,
            -104.92308044433594,
            -81.5824203491211,
            -102.24176025390625,
            -154.41758728027344,
            2.269692897796631
        ],
        "max": [
            84.17582702636719,
            64.92308044433594,
            96.61538696289062,
            102.4175796508789,
            169.97802734375,
            96.66221618652344
        ],
        "mean": [
            10.227480078252052,
            -28.811226911384413,
            26.41643345819892,
            39.701865286197304,
            90.08350112890004,
            41.14988696839205
        ],
        "std": [
            30.006714477267174,
            52.02948630658786,
            45.92652364665687,
            59.72788170350764,
            37.21136431109533,
            18.875676760471986
        ],
        "count": [
            2438
        ],
        "q01": [
            -16.736381916925005,
            -99.03624579034545,
            -26.035320738405844,
            -81.18474433960573,
            18.29644455686664,
            14.6306480709063
        ],
        "q10": [
            -12.4804279996613,
            -98.36996562204945,
            -15.654620075564893,
            -65.07321111471643,
            39.395042406102554,
            24.5122820870885
        ],
        "q50": [
            11.388963006360754,
            -24.107211863992752,
            22.06902374674172,
            55.68738546887805,
            99.22691651058477,
            43.749617369992166
        ],
        "q90": [
            30.525221783816324,
            24.381554765372236,
            86.28378335184206,
            87.28414508490692,
            118.7231072832161,
            54.482088239761616
        ],
        "q99": [
            36.71947674728426,
            29.954813300300653,
            90.94282773053608,
            96.14838926416806,
            129.96846173400354,
            54.818573154314464
        ]
    },
    "timestamp": {
        "min": [
            0.0
        ],
        "max": [
            22.6
        ],
        "mean": [
            7.964232977850697
        ],
        "std": [
            5.062102478976235
        ],
        "count": [
            2438
        ],
        "q01": [
            0.11435956659541754
        ],
        "q10": [
            1.5542111090253115
        ],
        "q50": [
            7.946135857259819
        ],
        "q90": [
            14.369451893435638
        ],
        "q99": [
            15.81403229033649
        ]
    },
    "observation.images.side": {
        "min": [
            [
                [
                    0.0
                ]
            ],
            [
                [
                    0.0
                ]
            ],
            [
                [
                    0.0
                ]
            ]
        ],
        "max": [
            [
                [
                    1.0
                ]
            ],
            [
                [
                    1.0
                ]
            ],
            [
                [
                    1.0
                ]
            ]
        ],
        "mean": [
            [
                [
                    0.7030146019036921
                ]
            ],
            [
                [
                    0.685465958690928
                ]
            ],
            [
                [
                    0.6651034531402834
                ]
            ]
        ],
        "std": [
            [
                [
                    0.011362775535091277
                ]
            ],
            [
                [
                    0.010170819438440814
                ]
            ],
            [
                [
                    0.009082727455395638
                ]
            ]
        ],
        "count": [
            1597
        ],
        "q01": [
            [
                [
                    0.06885261886697452
                ]
            ],
            [
                [
                    0.07452722052376548
                ]
            ],
            [
                [
                    0.06397763634583715
                ]
            ]
        ],
        "q10": [
            [
                [
                    0.4014202010042882
                ]
            ],
            [
                [
                    0.33848843271072765
                ]
            ],
            [
                [
                    0.3085935424056998
                ]
            ]
        ],
        "q50": [
            [
                [
                    0.7723011245845576
                ]
            ],
            [
                [
                    0.7605532630441226
                ]
            ],
            [
                [
                    0.7519509939452986
                ]
            ]
        ],
        "q90": [
            [
                [
                    0.854394088530498
                ]
            ],
            [
                [
                    0.8514868087764952
                ]
            ],
            [
                [
                    0.8573860864383691
                ]
            ]
        ],
        "q99": [
            [
                [
                    0.999863923397274
                ]
            ],
            [
                [
                    0.990105129895327
                ]
            ],
            [
                [
                    0.9999221351798294
                ]
            ]
        ]
    },
    "index": {
        "min": [
            0
        ],
        "max": [
            2437
        ],
        "mean": [
            1218.5
        ],
        "std": [
            703.7899189388833
        ],
        "count": [
            2438
        ],
        "q01": [
            1140.0012658883345
        ],
        "q10": [
            1154.3997813124706
        ],
        "q50": [
            1218.320886874487
        ],
        "q90": [
            1282.5521891551255
        ],
        "q99": [
            1296.9979931239707
        ]
    },
    "task_index": {
        "min": [
            0
        ],
        "max": [
            0
        ],
        "mean": [
            0.0
        ],
        "std": [
            0.0
        ],
        "count": [
            2438
        ],
        "q01": [
            3.999999999999418e-16
        ],
        "q10": [
            3.999999999999418e-15
        ],
        "q50": [
            1.9999999999997088e-14
        ],
        "q90": [
            3.599999999999475e-14
        ],
        "q99": [
            3.959999999999424e-14
        ]
    },