{
  "pixel_points": [
    [
      398,
      305
    ],
    [
      39,
      297
    ],
    [
      268,
      301
    ],
    [
      558,
      291
    ]
  ],
  "world_points": [
    [
      0.05328263607327344,
      0.031738525025504206,
      0.11855503122872366
    ],
    [
      0.034071739983420876,
      0.017699604720828568,
      0.1907588451479229
    ],
    [
      0.05607647387081166,
      0.008011690979105954,
      0.14779170770715508
    ],
    [
      0.04518479940897011,
      -0.0010525862810768227,
      0.06209322884630744
    ]
  ],
  "fixed_z": 0.13317336946793937,
  "transform": [
    [
      4.736773559380308e-06,
      -0.00015228164941400948,
      0.0448235619017989
    ],
    [
      3.088069085166778e-07,
      1.9960641851117288e-05,
      -0.006054304126563571
    ],
    [
      0.00010750512492020476,
      -0.0034027969638059296,
      1.0
    ]
  ]
}