{
  "above_pick": [
    4.263736263736264,
    51.64835164835165,
    -63.472527472527474,
    88.17582417582418,
    99.12087912087912,
    57.810413885180246
  ],
  "pick": [
    -1.010989010989011,
    48.48351648351648,
    -26.285714285714285,
    51.956043956043956,
    91.2967032967033,
    37.71695594125501
  ],
  "above_place": [
    8.395604395604396,
    -70.28571428571429,
    70.41758241758242,
    75.16483516483517,
    120.48351648351648,
    37.78371161548731
  ],
  "place": [
    -2.4175824175824174,
    -92.35164835164835,
    96.35164835164835,
    58.54945054945055,
    62.02197802197802,
    53.00400534045394
  ],
  "home": [
    4.791208791208791,
    -104.92307692307692,
    96.61538461538461,
    -101.36263736263736,
    59.032967032967036,
    7.87716955941255
  ]
}