{
  "cam1": {
    "name": "CAM1-frontal",
    "k": 31.796875000000004,
    "pos": [
      0.5,
      0.0,
      -0.02
    ],
    "vaxis": [
      -1.0,
      0.0,
      0.0
    ],
    "raxis": [
      0.0,
      -1.0,
      0.0
    ]
  },
  "cam2": {
    "name": "CAM2-side",
    "k": 30.192500000000003,
    "pos": [
      0.1,
      0.25,
      -0.02
    ],
    "vaxis": [
      0.0,
      -1.0,
      0.0
    ],
    "raxis": [
      1.0,
      0.0,
      0.0
    ]
  }
}