{
    "episode_index": {
        "min": [
            0
        ],
        "max": [
            21
        ],
        "mean": [
            9.807281858129317
        ],
        "std": [
            6.387017765652499
        ],
        "count": [
            3186
        ],
        "q01": [
            9.807281858129317
        ],
        "q10": [
            9.80728185812932
        ],
        "q50": [
            9.80728185812934
        ],
        "q90": [
            9.807281858129354
        ],
        "q99": [
            9.807281858129356
        ]
    },
    "observation.images.side": {
        "min": [
            [
                [
                    0.0
                ]
            ],
            [
                [
                    0.0
                ]
            ],
            [
                [
                    0.0
                ]
            ]
        ],
        "max": [
            [
                [
                    0.996078431372549
                ]
            ],
            [
                [
                    0.996078431372549
                ]
            ],
            [
                [
                    0.996078431372549
                ]
            ]
        ],
        "mean": [
            [
                [
                    0.00021688785209766855
                ]
            ],
            [
                [
                    0.00021688785209766855
                ]
            ],
            [
                [
                    0.00021688785209766855
                ]
            ]
        ],
        "std": [
            [
                [
                    0.0009934315987175926
                ]
            ],
            [
                [
                    0.0009934315987175926
                ]
            ],
            [
                [
                    0.0009934315987175926
                ]
            ]
        ],
        "count": [
            2198
        ],
        "q01": [
            [
                [
                    -1.7840034255740495e-14
                ]
            ],
            [
                [
                    -1.7840034255740495e-14
                ]
            ],
            [
                [
                    -1.7840034255740495e-14
                ]
            ]
        ],
        "q10": [
            [
                [
                    -1.7826558903816322e-14
                ]
            ],
            [
                [
                    -1.7826558903816322e-14
                ]
            ],
            [
                [
                    -1.7826558903816322e-14
                ]
            ]
        ],
        "q50": [
            [
                [
                    -1.77666684508198e-14
                ]
            ],
            [
                [
                    -1.77666684508198e-14
                ]
            ],
            [
                [
                    -1.77666684508198e-14
                ]
            ]
        ],
        "q90": [
            [
                [
                    -1.7706777997823347e-14
                ]
            ],
            [
                [
                    -1.7706777997823347e-14
                ]
            ],
            [
                [
                    -1.7706777997823347e-14
                ]
            ]
        ],
        "q99": [
            [
                [
                    -1.769330264589912e-14
                ]
            ],
            [
                [
                    -1.769330264589912e-14
                ]
            ],
            [
                [
                    -1.769330264589912e-14
                ]
            ]
        ]
    },
    "frame_index": {
        "min": [
            0
        ],
        "max": [
            266
        ],
        "mean": [
            77.21155053358443
        ],
        "std": [
            51.77023037386522
        ],
        "count": [
            3186
        ],
        "q01": [
            1.082884208313187
        ],
        "q10": [
            14.923276660308487
        ],
        "q50": [
            76.96436848713086
        ],
        "q90": [
            139.42979992475105
        ],
        "q99": [
            153.30855861152347
        ]
    },
    "index": {
        "min": [
            0
        ],
        "max": [
            3185
        ],
        "mean": [
            1592.5
        ],
        "std": [
            919.7189335153793
        ],
        "count": [
            3186
        ],
        "q01": [
            1516.371333674729
        ],
        "q10": [
            1530.2117261267244
        ],
        "q50": [
            1592.252817953546
        ],
        "q90": [
            1654.7182493911666
        ],
        "q99": [
            1668.597008077939
        ]
    },
    "observation.state": {
        "min": [
            -31.604394912719727,
            -104.92308044433594,
            -94.5934066772461,
            -102.15384674072266,
            -44.52747344970703,
            2.269692897796631
        ],
        "max": [
            88.65933990478516,
            85.84615325927734,
            96.79120635986328,
            102.32967376708984,
            147.73626708984375,
            82.24298858642578
        ],
        "mean": [
            12.887757753023768,
            -14.914340149590185,
            20.976801187529627,
            35.08680733534164,
            48.715272763953294,
            33.620538842056966
        ],
        "std": [
            22.565390546049137,
            57.64741490968526,
            55.49188624551924,
            64.07295344472351,
            41.48443210741783,
            12.809647600203906
        ],
        "count": [
            3186
        ],
        "q01": [
            -10.367380914028749,
            -104.76804736590579,
            -35.16002988350025,
            -82.32945637153966,
            7.04300061248611,
            4.85940668587556
        ],
        "q10": [
            -5.7505638419954055,
            -101.90094012065956,
            -26.984970462927688,
            -48.4774028395776,
            10.47418082122123,
            19.939544497074703
        ],
        "q50": [
            13.883813825787781,
            0.6597977772086233,
            13.51748688642154,
            50.059286932179404,
            57.08587592212985,
            34.452194405427065
        ],
        "q90": [
            30.029679092769303,
            38.30075005485122,
            85.02008649238967,
            86.57054670739873,
            77.48527209217328,
            48.625658505331884
        ],
        "q99": [
            35.75921691393252,
            42.50904132589712,
            96.31510826548606,
            93.76656901145994,
            84.14270829616655,
            53.470858422030396
        ]
    },
    "action": {
        "min": [
            -32.17582321166992,
            -106.5054931640625,
            -96.61538696289062,
            -103.38461303710938,
            -44.70329666137695,
            0.4878048896789551
        ],
        "max": [
            89.67032623291016,
            85.05494689941406,
            97.23076629638672,
            103.20879364013672,
            148.1758270263672,
            75.20325469970703
        ],
        "mean": [
            12.927298222857301,
            -15.6954543217128,
            19.9694775324233,
            35.147358589159644,
            48.788964479881045,
            31.38681364867647
        ],
        "std": [
            22.621760762734628,
            57.21918411766133,
            55.82046393437881,
            64.51134215802662,
            41.71274754940873,
            15.255297903331302
        ],
        "count": [
            3186
        ],